index,timestamp,stage,model,prompt,response_text,parsed_output,metadata
1,2026-04-04T04:14:14.557984,production_image_first_pass,gemini-2.5-flash,"Analyze this food image for an image-only nutrition pipeline.

Return ONLY valid JSON with this exact structure:
{""meal_name"": str, ""meal_confidence"": number, ""cuisine_type"": str, ""cuisine_confidence"": number, ""cooking_method"": str, ""cooking_method_confidence"": number, ""visible_ingredients"": [{""name"": str, ""role_tag"": ""base"", ""confidence"": number}], ""plate_or_bowl"": {""name"": str, ""role_tag"": ""plate_or_bowl"", ""vessel_type"": ""plate""|""bowl""|""unknown"", ""diameter_cm"": number|null, ""confidence"": number} | null, ""reference_objects"": [{""name"": str, ""role_tag"": ""reference_object"", ""width_cm"": number|null, ""height_cm"": number|null, ""confidence"": number}], ""notes"": str}

Image size: 1176x1176.
Rules:
- visible_ingredients must contain only visually present food ingredients/components.
- role_tag for visible ingredients must always be 'base'.
- Detect a plate or bowl if present and estimate its real-world diameter in cm.
- Detect reference objects if present, including cards, utensils, cans, cups, or packaged items, and estimate their real-world width/height in cm.
- Confidence must be between 0 and 1.
- Do not include questionnaire-only hidden or extra items in visible_ingredients.


ADDITIONAL CONTEXT PROVIDED BY THE USER:
- User-reported possibly hidden ingredients: Rice (25g). Treat these as hypotheses to validate against the dish, not as ground truth. Only consider them if they are plausible for this dish. Do NOT add these as separate entries in visible_ingredients.
- IMPORTANT: The questionnaire is helpful but not guaranteed to be correct. Validate each claim against the detected dish before relying on it.

","```json
{
  ""meal_name"": ""Halal Cart Platter"",
  ""meal_confidence"": 0.92,
  ""cuisine_type"": ""Middle Eastern"",
  ""cuisine_confidence"": 0.95,
  ""cooking_method"": ""Grilled"",
  ""cooking_method_confidence"": 0.88,
  ""visible_ingredients"": [
    {
      ""name"": ""Yellow rice"",
      ""role_tag"": ""base"",
      ""confidence"": 0.95
    },
    {
      ""name"": ""Chopped seasoned meat"",
      ""role_tag"": ""base"",
      ""confidence"": 0.9
    },
    {
      ""name"": ""Kofta"",
      ""role_tag"": ""base"",
      ""confidence"": 0.85
    },
    {
      ""name"": ""White sauce"",
      ""role_tag"": ""base"",
      ""confidence"": 0.95
    },
    {
      ""name"": ""Red chili sauce"",
      ""role_tag"": ""base"",
      ""confidence"": 0.95
    },
    {
      ""name"": ""Shredded lettuce"",
      ""role_tag"": ""base"",
      ""confidence"": 0.95
    },
    {
      ""name"": ""Shredded carrots"",
      ""role_tag"": ""base"",
      ""confidence"": 0.9
    },
    {
      ""name"": ""Sliced cucumber"",
      ""role_tag"": ""base"",
      ""confidence"": 0.95
    },
    {
      ""name"": ""Diced tomatoes"",
      ""role_tag"": ""base"",
      ""confidence"": 0.95
    },
    {
      ""name"": ""Sliced white onions"",
      ""role_tag"": ""base"",
      ""confidence"": 0.9
    }
  ],
  ""plate_or_bowl"": {
    ""name"": ""Foil takeout container"",
    ""role_tag"": ""plate_or_bowl"",
    ""vessel_type"": ""unknown"",
    ""diameter_cm"": null,
    ""confidence"": 0.95
  },
  ""reference_objects"": [],
  ""notes"": ""The meal is served in a rectangular aluminum foil takeout container. The meat appears to be a mix of finely chopped seasoned meat and some more distinct, flattened ground meat patties (kofta). The user-reported 'Rice' is clearly visible and plausible for this dish.""
}
```","{""meal_name"": ""Halal Cart Platter"", ""meal_confidence"": 0.92, ""cuisine_type"": ""Middle Eastern"", ""cuisine_confidence"": 0.95, ""cooking_method"": ""Grilled"", ""cooking_method_confidence"": 0.88, ""visible_ingredients"": [{""name"": ""Yellow rice"", ""role_tag"": ""base"", ""confidence"": 0.95}, {""name"": ""Chopped seasoned meat"", ""role_tag"": ""base"", ""confidence"": 0.9}, {""name"": ""Kofta"", ""role_tag"": ""base"", ""confidence"": 0.85}, {""name"": ""White sauce"", ""role_tag"": ""base"", ""confidence"": 0.95}, {""name"": ""Red chili sauce"", ""role_tag"": ""base"", ""confidence"": 0.95}, {""name"": ""Shredded lettuce"", ""role_tag"": ""base"", ""confidence"": 0.95}, {""name"": ""Shredded carrots"", ""role_tag"": ""base"", ""confidence"": 0.9}, {""name"": ""Sliced cucumber"", ""role_tag"": ""base"", ""confidence"": 0.95}, {""name"": ""Diced tomatoes"", ""role_tag"": ""base"", ""confidence"": 0.95}, {""name"": ""Sliced white onions"", ""role_tag"": ""base"", ""confidence"": 0.9}], ""plate_or_bowl"": {""name"": ""Foil takeout container"", ""role_tag"": ""plate_or_bowl"", ""vessel_type"": ""unknown"", ""diameter_cm"": null, ""confidence"": 0.95}, ""reference_objects"": [], ""notes"": ""The meal is served in a rectangular aluminum foil takeout container. The meat appears to be a mix of finely chopped seasoned meat and some more distinct, flattened ground meat patties (kofta). The user-reported 'Rice' is clearly visible and plausible for this dish.""}","{""image_size"": {""width"": 1176, ""height"": 1176}}"
2,2026-04-04T04:20:43.272713,production_image_volume_from_raw_depth,gemini-2.5-flash,"You are given two aligned inputs of the same dish.
Image 1 is the raw RGB photo.
Image 2 is the raw ZoeDepth depth visualization of the same scene.
Use them together to estimate ingredient volumes.

No reliable vessel dimension was detected; use the depth map and image together for scale.
Visible ingredients: [""Yellow rice"", ""Chopped seasoned meat"", ""Kofta"", ""White sauce"", ""Red chili sauce"", ""Shredded lettuce"", ""Shredded carrots"", ""Sliced cucumber"", ""Diced tomatoes"", ""Sliced white onions""].

Return ONLY valid JSON as an array like:
[{""name"": ""rice"", ""volume_ml"": 180, ""confidence"": 0.82}, ...]

Rules:
- Include every visible ingredient exactly once.
- Confidence must be between 0 and 1.
- Estimate realistic food volume in ml for the visible portion only.
- Do not invent hidden or questionnaire-only ingredients here.


ADDITIONAL CONTEXT PROVIDED BY THE USER:
- User-reported possibly hidden ingredients: Rice (25g). Treat these as hypotheses to validate against the dish, not as ground truth. Only consider them if they are plausible for this dish. Do NOT add these as separate entries in visible_ingredients.
- IMPORTANT: The questionnaire is helpful but not guaranteed to be correct. Validate each claim against the detected dish before relying on it.

","```json
[
  {
    ""name"": ""Yellow rice"",
    ""volume_ml"": 400,
    ""confidence"": 0.9
  },
  {
    ""name"": ""Chopped seasoned meat"",
    ""volume_ml"": 80,
    ""confidence"": 0.7
  },
  {
    ""name"": ""Kofta"",
    ""volume_ml"": 180,
    ""confidence"": 0.9
  },
  {
    ""name"": ""White sauce"",
    ""volume_ml"": 30,
    ""confidence"": 0.9
  },
  {
    ""name"": ""Red chili sauce"",
    ""volume_ml"": 21,
    ""confidence"": 0.9
  },
  {
    ""name"": ""Shredded lettuce"",
    ""volume_ml"": 120,
    ""confidence"": 0.8
  },
  {
    ""name"": ""Shredded carrots"",
    ""volume_ml"": 60,
    ""confidence"": 0.8
  },
  {
    ""name"": ""Sliced cucumber"",
    ""volume_ml"": 13,
    ""confidence"": 0.9
  },
  {
    ""name"": ""Diced tomatoes"",
    ""volume_ml"": 30,
    ""confidence"": 0.8
  },
  {
    ""name"": ""Sliced white onions"",
    ""volume_ml"": 25,
    ""confidence"": 0.75
  }
]
```","[{""name"": ""Yellow rice"", ""volume_ml"": 400, ""confidence"": 0.9}, {""name"": ""Chopped seasoned meat"", ""volume_ml"": 80, ""confidence"": 0.7}, {""name"": ""Kofta"", ""volume_ml"": 180, ""confidence"": 0.9}, {""name"": ""White sauce"", ""volume_ml"": 30, ""confidence"": 0.9}, {""name"": ""Red chili sauce"", ""volume_ml"": 21, ""confidence"": 0.9}, {""name"": ""Shredded lettuce"", ""volume_ml"": 120, ""confidence"": 0.8}, {""name"": ""Shredded carrots"", ""volume_ml"": 60, ""confidence"": 0.8}, {""name"": ""Sliced cucumber"", ""volume_ml"": 13, ""confidence"": 0.9}, {""name"": ""Diced tomatoes"", ""volume_ml"": 30, ""confidence"": 0.8}, {""name"": ""Sliced white onions"", ""volume_ml"": 25, ""confidence"": 0.75}]","{""visible_ingredients"": [""Yellow rice"", ""Chopped seasoned meat"", ""Kofta"", ""White sauce"", ""Red chili sauce"", ""Shredded lettuce"", ""Shredded carrots"", ""Sliced cucumber"", ""Diced tomatoes"", ""Sliced white onions""]}"
3,2026-04-04T04:20:44.515606,questionnaire_verification,gemini-2.0-flash,"You are validating questionnaire ingredient claims against a detected dish. The questionnaire is NOT ground truth.

Detected dish context:
{""main_food_item"": ""Halal Cart Platter"", ""cuisine_type"": """", ""cooking_method"": """", ""visible_ingredients"": [""Yellow rice"", ""Chopped seasoned meat"", ""Kofta"", ""White sauce"", ""Red chili sauce"", ""Shredded lettuce"", ""Shredded carrots"", ""Sliced cucumber"", ""Diced tomatoes"", ""Sliced white onions""], ""ingredient_breakdown"": [""Yellow rice"", ""Chopped seasoned meat"", ""Kofta"", ""White sauce"", ""Red chili sauce"", ""Shredded lettuce"", ""Shredded carrots"", ""Sliced cucumber"", ""Diced tomatoes"", ""Sliced white onions""], ""additional_notes"": ""The meal is served in a rectangular aluminum foil takeout container. The meat appears to be a mix of finely chopped seasoned meat and some more distinct, flattened ground meat patties (kofta). The user-reported 'Rice' is clearly visible and plausible for this dish."", ""recipe_description"": """"}

Questionnaire items to validate:
[{""name"": ""Rice"", ""quantity"": ""25g"", ""type"": ""hidden""}]

For each questionnaire item, decide whether it is actually plausible for this dish. Also decide whether it is already visible/accounted for in the base dish. Return ONLY a JSON array. Each entry must be:
{""name"": str, ""type"": ""hidden""|""extra"", ""quantity"": str, ""plausible"": true|false, ""confidence"": number, ""already_visible"": true|false, ""verdict"": ""include""|""reject"", ""reason"": str, ""estimated_grams"": number|null, ""estimated_kcal"": number|null}

Rules:
- Do not blindly trust the questionnaire.
- Reject ingredients that do not fit the dish context.
- If an ingredient is already visible or clearly already counted in the base dish, set already_visible=true.
- For extras, estimated_grams and estimated_kcal must represent only the additional amount described by the questionnaire, not the full base portion.
- Use confidence between 0 and 1.
- Be conservative when uncertain.","
[
  {
    ""name"": ""Rice"",
    ""type"": ""hidden"",
    ""quantity"": ""25g"",
    ""plausible"": true,
    ""confidence"": 1.0,
    ""already_visible"": true,
    ""verdict"": ""include"",
    ""reason"": ""Yellow rice is a visible ingredient and the user-reported 'Rice' is clearly visible and plausible for this dish. The 25g likely refers to the already included rice."",
    ""estimated_grams"": null,
    ""estimated_kcal"": null
  }
]
","[{""name"": ""Rice"", ""type"": ""hidden"", ""quantity"": ""25g"", ""plausible"": true, ""confidence"": 1.0, ""already_visible"": true, ""verdict"": ""include"", ""reason"": ""Yellow rice is a visible ingredient and the user-reported 'Rice' is clearly visible and plausible for this dish. The 25g likely refers to the already included rice."", ""estimated_grams"": null, ""estimated_kcal"": null}]","{""questionnaire_items"": [{""name"": ""Rice"", ""quantity"": ""25g"", ""type"": ""hidden""}], ""detected_main_food_item"": ""Halal Cart Platter""}"
